"id","class"
1,2
2,1
3,6
4,6
5,5
6,5
7,7
8,10
9,4
10,10
11,7
12,8
13,1
14,10
15,3
16,9
17,7
18,3
19,1
20,8
21,6
22,3
23,9
24,3
25,5
26,8
27,9
28,8
29,10
30,2
31,3
32,5
33,5
34,4
35,5
36,9
37,2
38,4
39,7
40,8
41,3
42,5
43,7
44,10
45,4
46,10
47,9
48,3
49,7
50,3
51,3
52,7
53,10
54,8
55,3
56,2
57,6
58,6
59,3
60,6
61,6
62,10
63,1
64,3
65,2
66,7
67,6
68,2
69,8
70,7
71,8
72,4
73,4
74,8
75,3
76,6
77,3
78,10
79,3
80,7
81,4
82,5
83,8
84,2
85,9
86,10
87,4
88,4
89,9
90,7
91,4
92,1
93,4
94,7
95,5
96,4
97,4
98,1
99,2
100,9
101,1
102,4
103,10
104,10
105,1
106,8
107,3
108,2
109,8
110,3
111,1
112,1
113,8
114,6
115,9
116,8
117,2
118,3
119,1
120,6
121,6
122,2
123,2
124,1
125,9
126,5
127,6
128,4
129,4
130,4
131,2
132,4
133,7
134,4
135,5
136,1
137,3
138,5
139,6
140,1
141,1
142,1
143,4
144,2
145,10
146,10
147,5
148,4
149,9
150,2
151,6
152,6
153,9
154,2
155,1
156,3
157,10
158,9
159,6
160,3
161,3
162,10
163,10
164,10
165,1
166,1
167,6
168,10
169,6
170,9
171,7
172,5
173,8
174,2
175,8
176,3
177,10
178,8
179,3
180,5
181,5
182,10
183,8
184,10
185,9
186,1
187,3
188,6
189,5
190,4
191,6
192,1
193,4
194,5
195,9
196,1
197,5
198,2
199,4
200,5
201,6
202,8
203,9
204,9
205,4
206,3
207,8
208,10
209,2
210,1
211,8
212,4
213,3
214,1
215,1
216,9
217,8
218,5
219,6
220,10
221,3
222,6
223,5
224,1
225,9
226,7
227,8
228,2
229,9
230,7
231,3
232,4
233,9
234,8
235,4
236,10
237,4
238,6
239,8
240,8
241,7
242,2
243,3
244,9
245,3
246,3
247,3
248,6
249,10
250,9
251,1
252,3
253,6
254,1
255,4
256,6
257,1
258,7
259,8
260,6
261,10
262,5
263,8
264,9
265,6
266,5
267,10
268,7
269,10
270,5
271,10
272,9
273,1
274,4
275,6
276,8
277,5
278,1
279,1
280,5
281,5
282,1
283,8
284,5
285,7
286,8
287,3
288,4
289,9
290,8
291,5
292,1
293,9
294,2
295,4
296,7
297,1
298,10
299,9
300,3
301,7
302,10
303,1
304,1
305,7
306,8
307,4
308,1
309,4
310,1
311,3
312,1
313,7
314,5
315,2
316,8
317,2
318,10
319,4
320,10
321,1
322,9
323,4
324,1
325,2
326,1
327,7
328,6
329,10
330,8
331,6
332,8
333,5
334,9
335,10
336,2
337,1
338,9
339,6
340,4
341,4
342,2
343,2
344,4
345,6
346,9
347,8
348,5
349,7
350,2
351,4
352,4
353,1
354,10
355,8
356,2
357,6
358,10
359,9
360,4
361,3
362,2
363,1
364,1
365,6
366,9
367,7
368,6
369,2
370,1
371,1
372,4
373,4
374,1
375,8
376,9
377,4
378,3
379,5
380,7
381,6
382,6
383,7
384,2
385,4
386,6
387,10
388,8
389,8
390,7
391,5
392,7
393,2
394,8
395,7
396,2
397,1
398,4
399,8
400,5
401,1
402,8
403,2
404,9
405,2
406,10
407,8
408,10
409,8
410,2
411,7
412,3
413,6
414,10
415,8
416,2
417,1
418,2
419,9
420,4
421,4
422,4
423,7
424,6
425,4
426,1
427,4
428,8
429,5
430,10
431,4
432,4
433,6
434,4
435,1
436,2
437,7
438,1
439,8
440,1
441,6
442,8
443,1
444,8
445,7
446,10
447,2
448,4
449,4
450,2
451,6
452,3
453,1
454,9
455,3
456,10
457,10
458,6
459,5
460,7
461,2
462,7
463,5
464,4
465,9
466,3
467,4
468,6
469,9
470,10
471,4
472,3
473,5
474,6
475,9
476,4
477,4
478,3
479,4
480,7
481,1
482,1
483,10
484,8
485,4
486,5
487,2
488,2
489,6
490,5
491,8
492,1
493,8
494,8
495,3
496,8
497,6
498,9
499,1
500,9
501,7
502,3
503,1
504,4
505,6
506,7
507,7
508,5
509,2
510,9
511,9
512,2
513,2
514,5
515,5
516,6
517,2
518,3
519,4
520,9
521,9
522,4
523,8
524,4
525,5
526,9
527,3
528,10
529,3
530,5
531,3
532,3
533,9
534,7
535,8
536,3
537,10
538,4
539,6
540,7
541,8
542,4
543,9
544,3
545,3
546,5
547,3
548,5
549,5
550,6
551,6
552,4
553,4
554,9
555,2
556,3
557,6
558,3
559,1
560,6
561,9
562,3
563,2
564,6
565,6
566,10
567,5
568,1
569,4
570,3
571,10
572,4
573,6
574,9
575,6
576,2
577,4
578,8
579,6
580,6
581,4
582,3
583,10
584,8
585,7
586,2
587,8
588,6
589,9
590,5
591,9
592,1
593,7
594,6
595,9
596,2
597,5
598,1
599,4
600,7
601,7
602,7
603,4
604,5
605,6
606,8
607,2
608,6
609,5
610,4
611,9
612,8
613,9
614,8
615,1
616,6
617,1
618,1
619,3
620,1
621,10
622,2
623,2
624,10
625,8
626,6
627,4
628,4
629,7
630,2
631,1
632,6
633,6
634,6
635,9
636,3
637,10
638,10
639,4
640,10
641,3
642,3
643,7
644,2
645,6
646,6
647,5
648,8
649,2
650,2
651,1
652,4
653,8
654,10
655,10
656,7
657,10
658,1
659,5
660,4
661,3
662,8
663,1
664,4
665,2
666,6
667,5
668,5
669,10
670,6
671,4
672,6
673,8
674,4
675,10
676,5
677,3
678,1
679,2
680,8
681,9
682,7
683,1
684,1
685,6
686,1
687,7
688,10
689,2
690,6
691,5
692,3
693,5
694,9
695,1
696,6
697,5
698,3
699,7
700,9
701,1
702,5
703,9
704,4
705,4
706,6
707,8
708,5
709,6
710,9
711,5
712,5
713,6
714,9
715,10
716,6
717,5
718,1
719,7
720,9
721,8
722,8
723,10
724,10
725,4
726,2
727,6
728,3
729,10
730,10
731,1
732,3
733,9
734,7
735,6
736,3
737,9
738,8
739,8
740,6
741,10
742,1
743,4
744,3
745,10
746,1
747,7
748,10
749,6
750,6
751,4
752,2
753,10
754,2
755,5
756,1
757,4
758,8
759,10
760,7
761,2
762,6
763,8
764,6
765,5
766,9
767,10
768,9
769,7
770,7
771,1
772,8
773,6
774,3
775,1
776,2
777,7
778,6
779,7
780,10
781,6
782,8
783,1
784,4
785,5
786,3
787,10
788,9
789,5
790,1
791,1
792,10
793,9
794,3
795,6
796,4
797,2
798,4
799,1
800,10
801,2
802,8
803,3
804,7
805,10
806,7
807,1
808,3
809,9
810,4
811,3
812,1
813,3
814,5
815,4
816,4
817,7
818,10
819,4
820,4
821,4
822,8
823,1
824,9
825,2
826,3
827,2
828,4
829,1
830,8
831,2
832,8
833,10
834,8
835,2
836,4
837,1
838,3
839,7
840,1
841,4
842,6
843,2
844,3
845,9
846,7
847,6
848,6
849,8
850,9
851,6
852,7
853,5
854,5
855,10
856,6
857,10
858,4
859,7
860,4
861,1
862,3
863,9
864,3
865,10
866,9
867,2
868,4
869,3
870,1
871,8
872,6
873,10
874,6
875,8
876,5
877,9
878,7
879,7
880,3
881,3
882,2
883,7
884,7
885,4
886,2
887,10
888,6
889,10
890,2
891,7
892,10
893,10
894,8
895,9
896,7
897,9
898,10
899,1
900,6
901,10
902,10
903,9
904,9
905,6
906,7
907,3
908,5
909,2
910,4
911,8
912,3
913,9
914,9
915,1
916,8
917,3
918,4
919,2
920,10
921,1
922,3
923,5
924,6
925,3
926,9
927,8
928,1
929,8
930,10
931,5
932,5
933,9
934,5
935,10
936,1
937,2
938,7
939,3
940,10
941,9
942,3
943,9
944,5
945,7
946,2
947,9
948,1
949,5
950,2
951,9
952,6
953,8
954,10
955,1
956,9
957,1
958,8
959,9
960,9
961,2
962,5
963,4
964,7
965,10
966,4
967,3
968,5
969,4
970,9
971,1
972,10
973,4
974,1
975,5
976,7
977,5
978,8
979,8
980,5
981,10
982,1
983,3
984,4
985,6
986,6
987,2
988,6
989,5
990,6
991,5
992,4
993,4
994,9
995,3
996,6
997,8
998,8
999,3
1000,9
1001,3
1002,2
1003,2
1004,5
1005,1
1006,3
1007,2
1008,1
1009,3
1010,7
1011,1
1012,9
1013,2
1014,9
1015,6
1016,9
1017,3
1018,9
1019,3
1020,1
1021,6
1022,7
1023,10
1024,9
1025,9
1026,7
1027,2
1028,3
1029,3
1030,3
1031,4
1032,1
1033,5
1034,7
1035,4
1036,5
1037,4
1038,8
1039,2
1040,6
1041,9
1042,2
1043,1
1044,10
1045,3
1046,1
1047,3
1048,4
1049,6
1050,5
1051,1
1052,4
1053,6
1054,9
1055,8
1056,8
1057,1
1058,10
1059,3
1060,4
1061,7
1062,1
1063,9
1064,2
1065,6
1066,8
1067,2
1068,10
1069,4
1070,1
1071,7
1072,5
1073,2
1074,10
1075,5
1076,8
1077,6
1078,3
1079,2
1080,2
1081,5
1082,3
1083,8
1084,9
1085,1
1086,8
1087,4
1088,2
1089,9
1090,9
1091,9
1092,10
1093,6
1094,4
1095,3
1096,4
1097,6
1098,8
1099,5
1100,1
1101,1
1102,8
1103,9
1104,5
1105,1
1106,8
1107,2
1108,2
1109,6
1110,8
1111,1
1112,3
1113,4
1114,2
1115,7
1116,6
1117,9
1118,5
1119,10
1120,8
1121,6
1122,1
1123,3
1124,6
1125,5
1126,6
1127,3
1128,9
1129,9
1130,10
1131,9
1132,3
1133,6
1134,1
1135,7
1136,9
1137,10
1138,6
1139,9
1140,9
1141,3
1142,8
1143,7
1144,7
1145,8
1146,4
1147,9
1148,2
1149,6
1150,3
1151,4
1152,10
1153,8
1154,1
1155,6
1156,10
1157,6
1158,4
1159,5
1160,3
1161,1
1162,6
1163,6
1164,7
1165,1
1166,6
1167,1
1168,9
1169,4
1170,5
1171,7
1172,6
1173,1
1174,8
1175,2
1176,1
1177,6
1178,7
1179,6
1180,4
1181,3
1182,7
1183,9
1184,2
1185,4
1186,10
1187,9
1188,5
1189,9
1190,7
1191,7
1192,1
1193,3
1194,3
1195,2
1196,4
1197,3
1198,1
1199,8
1200,9
1201,2
1202,4
1203,4
1204,9
1205,8
1206,1
1207,5
1208,10
1209,9
1210,9
1211,1
1212,9
1213,6
1214,1
1215,9
1216,5
1217,9
1218,1
1219,2
1220,9
1221,10
1222,2
1223,4
1224,2
1225,5
1226,6
1227,8
1228,9
1229,10
1230,2
1231,5
1232,8
1233,9
1234,3
1235,6
1236,5
1237,2
1238,7
1239,8
1240,2
1241,2
1242,7
1243,2
1244,1
1245,5
1246,7
1247,1
1248,1
1249,5
1250,10
1251,1
1252,1
1253,10
1254,7
1255,4
1256,8
1257,2
1258,4
1259,7
1260,5
1261,10
1262,3
1263,1
1264,2
1265,7
1266,7
1267,2
1268,10
1269,6
1270,8
1271,4
1272,6
1273,1
1274,4
1275,6
1276,9
1277,10
1278,2
1279,1
1280,10
1281,9
1282,9
1283,5
1284,4
1285,6
1286,7
1287,2
1288,3
1289,7
1290,4
1291,10
1292,7
1293,10
1294,3
1295,4
1296,5
1297,3
1298,8
1299,5
1300,5
1301,5
1302,7
1303,5
1304,3
1305,4
1306,7
1307,2
1308,9
1309,9
1310,8
1311,4
1312,9
1313,1
1314,6
1315,8
1316,6
1317,6
1318,6
1319,1
1320,1
1321,1
1322,7
1323,9
1324,4
1325,5
1326,2
1327,9
1328,6
1329,8
1330,9
1331,10
1332,8
1333,5
1334,9
1335,5
1336,3
1337,2
1338,8
1339,5
1340,5
1341,4
1342,1
1343,5
1344,10
1345,2
1346,2
1347,9
1348,2
1349,10
1350,6
1351,1
1352,6
1353,6
1354,8
1355,8
1356,3
1357,2
1358,6
1359,4
1360,3
1361,7
1362,4
1363,4
1364,5
1365,10
1366,2
1367,1
1368,5
1369,2
1370,9
1371,4
1372,3
1373,1
1374,4
1375,7
1376,5
1377,8
1378,8
1379,5
1380,7
1381,8
1382,4
1383,4
1384,6
1385,4
1386,4
1387,8
1388,6
1389,10
1390,7
1391,4
1392,1
1393,8
1394,2
1395,1
1396,8
1397,1
1398,4
1399,2
1400,1
1401,9
1402,10
1403,8
1404,10
1405,8
1406,10
1407,3
1408,9
1409,1
1410,6
1411,5
1412,6
1413,10
1414,1
1415,10
1416,9
1417,4
1418,1
1419,1
1420,2
1421,8
1422,7
1423,10
1424,10
1425,5
1426,1
1427,10
1428,1
1429,1
1430,1
1431,2
1432,1
1433,2
1434,4
1435,10
1436,4
1437,2
1438,10
1439,5
1440,3
1441,4
1442,10
1443,9
1444,1
1445,1
1446,6
1447,5
1448,3
1449,2
1450,10
1451,5
1452,6
1453,2
1454,4
1455,1
1456,8
1457,2
1458,10
1459,6
1460,2
1461,4
1462,4
1463,9
1464,9
1465,5
1466,10
1467,5
1468,4
1469,2
1470,5
1471,3
1472,2
1473,10
1474,8
1475,8
1476,10
1477,7
1478,10
1479,2
1480,3
1481,9
1482,6
1483,8
1484,10
1485,10
1486,3
1487,10
1488,9
1489,8
1490,6
1491,10
1492,9
1493,10
1494,2
1495,5
1496,6
1497,6
1498,1
1499,6
1500,8
1501,8
1502,1
1503,3
1504,7
1505,2
1506,10
1507,6
1508,1
1509,3
1510,9
1511,3
1512,6
1513,6
1514,4
1515,4
1516,9
1517,7
1518,2
1519,4
1520,10
1521,4
1522,4
1523,9
1524,5
1525,7
1526,8
1527,5
1528,10
1529,10
1530,9
1531,3
1532,4
1533,7
1534,2
1535,8
1536,3
1537,9
1538,1
1539,6
1540,4
1541,10
1542,2
1543,7
1544,7
1545,8
1546,1
1547,1
1548,6
1549,4
1550,2
1551,4
1552,2
1553,8
1554,10
1555,10
1556,2
1557,6
1558,10
1559,1
1560,5
1561,6
1562,3
1563,8
1564,4
1565,8
1566,5
1567,7
1568,8
1569,2
1570,5
1571,5
1572,5
1573,5
1574,2
1575,4
1576,1
1577,7
1578,9
1579,6
1580,10
1581,4
1582,3
1583,3
1584,1
1585,6
1586,7
1587,10
1588,7
1589,7
1590,3
1591,1
1592,7
1593,5
1594,10
1595,3
1596,4
1597,5
1598,10
1599,6
1600,2
1601,3
1602,2
1603,9
1604,9
1605,1
1606,8
1607,4
1608,8
1609,2
1610,9
1611,6
1612,9
1613,4
1614,10
1615,10
1616,1
1617,2
1618,2
1619,3
1620,1
1621,1
1622,2
1623,1
1624,2
1625,3
1626,8
1627,2
1628,4
1629,8
1630,1
1631,7
1632,4
1633,5
1634,7
1635,9
1636,6
1637,7
1638,10
1639,8
1640,1
1641,4
1642,1
1643,1
1644,3
1645,9
1646,8
1647,4
1648,2
1649,4
1650,6
1651,9
1652,5
1653,4
1654,7
1655,4
1656,7
1657,6
1658,5
1659,2
1660,4
1661,3
1662,10
1663,5
1664,3
1665,7
1666,6
1667,3
1668,10
1669,1
1670,2
1671,2
1672,10
1673,8
1674,3
1675,3
1676,3
1677,10
1678,7
1679,8
1680,7
1681,5
1682,9
1683,6
1684,7
1685,3
1686,8
1687,10
1688,10
1689,9
1690,5
1691,7
1692,4
1693,2
1694,4
1695,3
1696,2
1697,3
1698,6
1699,10
1700,10
1701,6
1702,1
1703,6
1704,1
1705,10
1706,8
1707,7
1708,6
1709,10
1710,9
1711,4
1712,9
1713,9
1714,9
1715,1
1716,1
1717,10
1718,9
1719,9
1720,8
1721,5
1722,10
1723,6
1724,2
1725,9
1726,5
1727,8
1728,2
1729,6
1730,9
1731,5
1732,5
1733,2
1734,8
1735,4
1736,4
1737,1
1738,10
1739,4
1740,6
1741,8
1742,7
1743,3
1744,7
1745,3
1746,8
1747,3
1748,7
1749,7
1750,3
1751,6
1752,2
1753,10
1754,5
1755,3
1756,8
1757,8
1758,5
1759,7
1760,8
1761,10
1762,6
1763,2
1764,10
1765,5
1766,7
1767,7
1768,3
1769,2
1770,3
1771,8
1772,6
1773,4
1774,2
1775,1
1776,5
1777,1
1778,3
1779,8
1780,5
1781,7
1782,9
1783,9
1784,5
1785,8
1786,5
1787,6
1788,3
1789,9
1790,3
1791,3
1792,1
1793,4
1794,4
1795,4
1796,2
1797,9
1798,6
1799,1
1800,7
1801,10
1802,1
1803,2
1804,4
1805,2
1806,1
1807,10
1808,6
1809,4
1810,6
1811,10
1812,5
1813,3
1814,4
1815,5
1816,3
1817,4
1818,10
1819,10
1820,6
1821,5
1822,9
1823,2
1824,5
1825,4
1826,3
1827,9
1828,5
1829,10
1830,3
1831,9
1832,9
1833,7
1834,3
1835,6
1836,10
1837,2
1838,8
1839,7
1840,4
1841,4
1842,4
1843,10
1844,8
1845,3
1846,2
1847,8
1848,8
1849,4
1850,10
1851,1
1852,10
1853,8
1854,6
1855,9
1856,6
1857,3
1858,3
1859,2
1860,6
1861,3
1862,8
1863,5
1864,2
1865,10
1866,2
1867,3
1868,4
1869,4
1870,5
1871,8
1872,5
1873,9
1874,8
1875,3
1876,4
1877,2
1878,10
1879,8
1880,9
1881,4
1882,8
1883,2
1884,3
1885,1
1886,9
1887,7
1888,4
1889,10
1890,4
1891,4
1892,4
1893,5
1894,2
1895,3
1896,4
1897,8
1898,2
1899,3
1900,5
1901,1
1902,2
1903,8
1904,7
1905,10
1906,7
1907,5
1908,8
1909,9
1910,6
1911,10
1912,1
1913,4
1914,8
1915,1
1916,3
1917,5
1918,8
1919,7
1920,1
1921,9
1922,5
1923,8
1924,7
1925,7
1926,4
1927,3
1928,9
1929,10
1930,10
1931,7
1932,8
1933,3
1934,5
1935,5
1936,6
1937,4
1938,6
1939,9
1940,9
1941,6
1942,7
1943,4
1944,5
1945,10
1946,10
1947,6
1948,6
1949,4
1950,8
1951,7
1952,8
1953,8
1954,1
1955,4
1956,9
1957,5
1958,3
1959,7
1960,5
1961,2
1962,4
1963,10
1964,9
1965,10
1966,7
1967,5
1968,9
1969,9
1970,9
1971,5
1972,9
1973,1
1974,9
1975,8
1976,4
1977,5
1978,8
1979,5
1980,9
1981,1
1982,5
1983,10
1984,3
1985,9
1986,5
1987,6
1988,2
1989,7
1990,7
1991,1
1992,8
1993,7
1994,2
1995,7
1996,4
1997,3
1998,7
1999,3
2000,3
2001,6
2002,9
2003,10
2004,3
2005,5
2006,3
2007,5
2008,5
2009,10
2010,9
2011,2
2012,5
2013,6
2014,6
2015,10
2016,8
2017,9
2018,3
2019,10
2020,6
2021,4
2022,2
2023,7
2024,4
2025,2
2026,9
2027,3
2028,2
2029,8
2030,5
2031,2
2032,8
2033,1
2034,7
2035,4
2036,10
2037,2
2038,10
2039,6
2040,6
2041,6
2042,4
2043,3
2044,1
2045,2
2046,7
2047,9
2048,5
2049,4
2050,4
2051,2
2052,5
2053,7
2054,8
2055,3
2056,10
2057,4
2058,10
2059,6
2060,8
2061,6
2062,3
2063,9
2064,8
2065,10
2066,9
2067,10
2068,9
2069,2
2070,10
2071,8
2072,9
2073,1
2074,1
2075,3
2076,4
2077,1
2078,1
2079,2
2080,2
2081,9
2082,5
2083,1
2084,4
2085,10
2086,9
2087,1
2088,8
2089,1
2090,1
2091,3
2092,3
2093,1
2094,9
2095,3
2096,8
2097,5
2098,9
2099,2
2100,7
2101,7
2102,10
2103,6
2104,1
2105,4
2106,8
2107,5
2108,2
2109,7
2110,3
2111,6
2112,3
2113,1
2114,2
2115,10
2116,8
2117,6
2118,6
2119,5
2120,8
2121,5
2122,3
2123,9
2124,8
2125,3
2126,8
2127,8
2128,8
2129,8
2130,3
2131,9
2132,6
2133,3
2134,5
2135,10
2136,5
2137,1
2138,8
2139,8
2140,1
2141,4
2142,9
2143,5
2144,7
2145,1
2146,7
2147,4
2148,7
2149,7
2150,6
2151,5
2152,9
2153,7
2154,1
2155,3
2156,8
2157,9
2158,1
2159,2
2160,9
2161,5
2162,3
2163,9
2164,3
2165,3
2166,4
2167,3
2168,4
2169,1
2170,8
2171,10
2172,1
2173,4
2174,5
2175,9
2176,9
2177,4
2178,5
2179,2
2180,10
2181,8
2182,10
2183,5
2184,4
2185,6
2186,10
2187,3
2188,3
2189,6
2190,10
2191,5
2192,4
2193,4
2194,5
2195,5
2196,6
2197,4
2198,3
2199,3
2200,6
2201,4
2202,3
2203,5
2204,4
2205,1
2206,9
2207,9
2208,9
2209,3
2210,8
2211,8
2212,6
2213,7
2214,5
2215,9
2216,6
2217,2
2218,1
2219,6
2220,1
2221,3
2222,9
2223,7
2224,6
2225,5
2226,6
2227,3
2228,3
2229,4
2230,10
2231,8
2232,6
2233,3
2234,8
2235,1
2236,4
2237,9
2238,3
2239,9
2240,1
2241,6
2242,3
2243,9
2244,7
2245,6
2246,4
2247,3
2248,4
2249,1
2250,3
2251,8
2252,2
2253,10
2254,10
2255,7
2256,2
2257,4
2258,2
2259,7
2260,9
2261,3
2262,2
2263,2
2264,4
2265,3
2266,9
2267,2
2268,5
2269,10
2270,4
2271,10
2272,4
2273,7
2274,1
2275,2
2276,10
2277,2
2278,6
2279,4
2280,9
2281,9
2282,8
2283,1
2284,4
2285,6
2286,3
2287,9
2288,3
2289,9
2290,4
2291,2
2292,9
2293,5
2294,7
2295,8
2296,10
2297,9
2298,9
2299,6
2300,8
2301,4
2302,1
2303,2
2304,7
2305,9
2306,4
2307,2
2308,4
2309,3
2310,9
2311,6
2312,1
2313,3
2314,4
2315,3
2316,2
2317,7
2318,9
2319,9
2320,10
2321,2
2322,6
2323,7
2324,9
2325,8
2326,3
2327,3
2328,10
2329,3
2330,3
2331,3
2332,1
2333,6
2334,6
2335,3
2336,7
2337,3
2338,9
2339,8
2340,10
2341,9
2342,1
2343,9
2344,1
2345,7
2346,1
2347,8
2348,3
2349,9
2350,4
2351,8
2352,1
2353,9
2354,8
2355,10
2356,10
2357,4
2358,6
2359,7
2360,4
2361,9
2362,8
2363,9
2364,1
2365,10
2366,5
2367,2
2368,5
2369,1
2370,9
2371,6
2372,6
2373,9
2374,2
2375,9
2376,2
2377,7
2378,9
2379,2
2380,5
2381,7
2382,10
2383,2
2384,5
2385,3
2386,9
2387,7
2388,9
2389,1
2390,7
2391,5
2392,6
2393,1
2394,5
2395,10
2396,2
2397,2
2398,8
2399,7
2400,7
2401,5
2402,6
2403,1
2404,3
2405,5
2406,9
2407,2
2408,2
2409,10
2410,5
2411,10
2412,1
2413,2
2414,4
2415,6
2416,7
2417,2
2418,2
2419,8
2420,1
2421,10
2422,3
2423,2
2424,4
2425,5
2426,8
2427,8
2428,1
2429,2
2430,3
2431,5
2432,7
2433,6
2434,2
2435,7
2436,8
2437,8
2438,6
2439,1
2440,8
2441,3
2442,10
2443,9
2444,6
2445,9
2446,3
2447,1
2448,4
2449,7
2450,5
2451,4
2452,7
2453,4
2454,1
2455,3
2456,7
2457,1
2458,8
2459,6
2460,4
2461,7
2462,1
2463,7
2464,6
2465,8
2466,3
2467,1
2468,5
2469,7
2470,6
2471,8
2472,4
2473,9
2474,1
2475,1
2476,4
2477,7
2478,1
2479,7
2480,3
2481,5
2482,6
2483,7
2484,2
2485,9
2486,9
2487,3
2488,8
2489,9
2490,7
2491,1
2492,8
2493,8
2494,7
2495,2
2496,2
2497,1
2498,6
2499,3
2500,7
2501,6
2502,9
2503,7
2504,2
2505,3
2506,1
2507,10
2508,4
2509,5
2510,10
2511,6
2512,10
2513,5
2514,9
2515,10
2516,1
2517,9
2518,8
2519,8
2520,5
2521,9
2522,4
2523,8
2524,3
2525,6
2526,2
2527,4
2528,10
2529,4
2530,5
2531,9
2532,7
2533,4
2534,6
2535,9
2536,10
2537,4
2538,1
2539,1
2540,7
2541,1
2542,10
2543,10
2544,3
2545,8
2546,8
2547,2
2548,6
2549,6
2550,10
2551,10
2552,10
2553,1
2554,1
2555,3
2556,6
2557,4
2558,5
2559,2
2560,2
2561,4
2562,8
2563,6
2564,7
2565,3
2566,4
2567,2
2568,8
2569,9
2570,7
2571,8
2572,9
2573,3
2574,3
2575,1
2576,9
2577,7
2578,9
2579,5
2580,8
2581,4
2582,2
2583,5
2584,4
2585,10
2586,9
2587,2
2588,4
2589,8
2590,6
2591,9
2592,2
2593,5
2594,8
2595,7
2596,1
2597,8
2598,5
2599,9
2600,10
2601,1
2602,5
2603,2
2604,4
2605,3
2606,2
2607,10
2608,2
2609,10
2610,3
2611,1
2612,5
2613,6
2614,7
2615,6
2616,8
2617,4
2618,9
2619,1
2620,3
2621,3
2622,1
2623,4
2624,1
2625,10
2626,10
2627,6
2628,9
2629,10
2630,7
2631,10
2632,4
2633,10
2634,1
2635,5
2636,6
2637,8
2638,6
2639,7
2640,3
2641,8
2642,2
2643,5
2644,5
2645,5
2646,5
2647,3
2648,7
2649,4
2650,6
2651,7
2652,5
2653,10
2654,10
2655,2
2656,1
2657,7
2658,6
2659,8
2660,8
2661,10
2662,4
2663,5
2664,3
2665,2
2666,1
2667,1
2668,2
2669,9
2670,2
2671,2
2672,4
2673,4
2674,4
2675,3
2676,4
2677,6
2678,8
2679,9
2680,6
2681,3
2682,8
2683,1
2684,7
2685,9
2686,3
2687,7
2688,2
2689,1
2690,7
2691,4
2692,2
2693,4
2694,6
2695,7
2696,8
2697,3
2698,6
2699,3
2700,7
2701,8
2702,10
2703,10
2704,2
2705,6
2706,10
2707,4
2708,6
2709,8
2710,5
2711,8
2712,5
2713,7
2714,9
2715,10
2716,9
2717,6
2718,5
2719,8
2720,6
2721,6
2722,3
2723,8
2724,8
2725,2
2726,10
2727,9
2728,8
2729,4
2730,7
2731,6
2732,7
2733,9
2734,1
2735,5
2736,9
2737,4
2738,10
2739,5
2740,7
2741,6
2742,5
2743,6
2744,7
2745,9
2746,10
2747,10
2748,5
2749,9
2750,4
2751,5
2752,3
2753,8
2754,2
2755,1
2756,9
2757,10
2758,2
2759,9
2760,10
2761,3
2762,5
2763,8
2764,3
2765,8
2766,1
2767,9
2768,6
2769,6
2770,10
2771,3
2772,8
2773,8
2774,6
2775,1
2776,5
2777,10
2778,6
2779,8
2780,10
2781,4
2782,8
2783,7
2784,2
2785,9
2786,8
2787,8
2788,3
2789,2
2790,9
2791,9
2792,3
2793,4
2794,7
2795,1
2796,4
2797,1
2798,10
2799,3
2800,9
2801,3
2802,5
2803,9
2804,8
2805,4
2806,10
2807,1
2808,10
2809,5
2810,2
2811,2
2812,10
2813,9
2814,3
2815,10
2816,2
2817,9
2818,9
2819,1
2820,1
2821,9
2822,6
2823,2
2824,5
2825,5
2826,7
2827,1
2828,3
2829,7
2830,8
2831,7
2832,6
2833,1
2834,1
2835,10
2836,9
2837,8
2838,10
2839,7
2840,5
2841,10
2842,1
2843,8
2844,6
2845,1
2846,5
2847,9
2848,8
2849,5
2850,10
2851,6
2852,5
2853,7
2854,1
2855,5
2856,2
2857,7
2858,9
2859,4
2860,4
2861,4
2862,3
2863,3
2864,6
2865,1
2866,8
2867,2
2868,9
2869,8
2870,4
2871,4
2872,3
2873,1
2874,4
2875,7
2876,5
2877,1
2878,8
2879,4
2880,1
2881,3
2882,8
2883,3
2884,2
2885,2
2886,7
2887,10
2888,4
2889,2
2890,8
2891,8
2892,7
2893,6
2894,5
2895,7
2896,4
2897,10
2898,8
2899,7
2900,10
2901,1
2902,8
2903,10
2904,6
2905,7
2906,7
2907,7
2908,10
2909,4
2910,1
2911,5
2912,3
2913,9
2914,7
2915,9
2916,5
2917,10
2918,3
2919,4
2920,1
2921,10
2922,4
2923,9
2924,3
2925,1
2926,5
2927,3
2928,6
2929,8
2930,8
2931,1
2932,1
2933,9
2934,9
2935,7
2936,7
2937,6
2938,2
2939,1
2940,10
2941,7
2942,3
2943,4
2944,9
2945,5
2946,10
2947,8
2948,6
2949,7
2950,3
2951,8
2952,3
2953,5
2954,5
2955,2
2956,7
2957,10
2958,3
2959,8
2960,2
2961,4
2962,9
2963,9
2964,6
2965,7
2966,9
2967,6
2968,3
2969,8
2970,10
2971,1
2972,3
2973,9
2974,7
2975,6
2976,9
2977,4
2978,5
2979,6
2980,1
2981,6
2982,5
2983,1
2984,10
2985,9
2986,3
2987,1
2988,5
2989,2
2990,5
2991,9
2992,9
2993,7
2994,1
2995,2
2996,7
2997,1
2998,6
2999,1
3000,8
3001,3
3002,3
3003,1
3004,4
3005,9
3006,5
3007,2
3008,3
3009,9
3010,2
3011,7
3012,10
3013,7
3014,7
3015,3
3016,6
3017,5
3018,1
3019,6
3020,10
3021,6
3022,10
3023,5
3024,3
3025,5
3026,7
3027,5
3028,1
3029,5
3030,10
3031,8
3032,1
3033,10
3034,5
3035,3
3036,4
3037,2
3038,3
3039,7
3040,1
3041,2
3042,6
3043,8
3044,10
3045,5
3046,9
3047,8
3048,8
3049,10
3050,9
3051,3
3052,7
3053,5
3054,3
3055,9
3056,3
3057,4
3058,1
3059,8
3060,2
3061,2
3062,5
3063,9
3064,10
3065,9
3066,7
3067,8
3068,9
3069,9
3070,1
3071,5
3072,4
3073,9
3074,7
3075,9
3076,6
3077,7
3078,4
3079,3
3080,6
3081,1
3082,10
3083,1
3084,2
3085,6
3086,6
3087,1
3088,2
3089,6
3090,8
3091,6
3092,4
3093,7
3094,9
3095,8
3096,7
3097,5
3098,8
3099,3
3100,3
3101,3
3102,7
3103,10
3104,1
3105,7
3106,3
3107,1
3108,10
3109,2
3110,8
3111,10
3112,4
3113,3
3114,1
3115,4
3116,2
3117,2
3118,1
3119,1
3120,5
3121,9
3122,9
3123,10
3124,1
3125,4
3126,5
3127,2
3128,9
3129,1
3130,4
3131,6
3132,6
3133,7
3134,6
3135,4
3136,8
3137,5
3138,6
3139,2
3140,9
3141,8
3142,7
3143,5
3144,7
3145,7
3146,3
3147,5
3148,4
3149,9
3150,3
3151,1
3152,9
3153,9
3154,6
3155,3
3156,8
3157,5
3158,6
3159,10
3160,5
3161,7
3162,8
3163,9
3164,5
3165,3
3166,2
3167,2
3168,1
3169,9
3170,4
3171,7
3172,3
3173,5
3174,4
3175,5
3176,6
3177,3
3178,9
3179,10
3180,9
3181,3
3182,5
3183,3
3184,4
3185,10
3186,6
3187,2
3188,2
3189,4
3190,1
3191,4
3192,10
3193,7
3194,9
3195,9
3196,5
3197,5
3198,2
3199,4
3200,10
3201,5
3202,8
3203,6
3204,5
3205,5
3206,1
3207,6
3208,3
3209,1
3210,9
3211,7
3212,7
3213,9
3214,1
3215,9
3216,1
3217,5
3218,10
3219,4
3220,6
3221,7
3222,6
3223,6
3224,2
3225,3
3226,4
3227,6
3228,9
3229,1
3230,4
3231,3
3232,2
3233,1
3234,8
3235,9
3236,9
3237,1
3238,6
3239,5
3240,9
3241,9
3242,10
3243,9
3244,10
3245,3
3246,6
3247,7
3248,3
3249,2
3250,4
3251,10
3252,9
3253,10
3254,8
3255,1
3256,9
3257,5
3258,5
3259,6
3260,7
3261,9
3262,2
3263,5
3264,10
3265,5
3266,4
3267,10
3268,3
3269,8
3270,2
3271,1
3272,3
3273,7
3274,2
3275,10
3276,8
3277,1
3278,7
3279,4
3280,7
3281,4
3282,6
3283,1
3284,4
3285,4
3286,1
3287,7
3288,8
3289,2
3290,1
3291,6
3292,4
3293,5
3294,10
3295,3
3296,2
3297,8
3298,4
3299,2
3300,6
3301,9
3302,3
3303,7
3304,5
3305,4
3306,9
3307,3
3308,9
3309,8
3310,4
3311,5
3312,1
3313,2
3314,4
3315,1
3316,8
3317,1
3318,5
3319,4
3320,10
3321,2
3322,7
3323,1
3324,6
3325,7
3326,4
3327,9
3328,9
3329,10
3330,4
3331,4
3332,7
3333,3
3334,3
3335,8
3336,1
3337,8
3338,9
3339,7
3340,6
3341,10
3342,7
3343,10
3344,1
3345,1
3346,3
3347,2
3348,1
3349,3
3350,7
3351,5
3352,5
3353,3
3354,7
3355,4
3356,10
3357,7
3358,10
3359,10
3360,10
3361,10
3362,8
3363,1
3364,10
3365,2
3366,6
3367,5
3368,5
3369,8
3370,3
3371,2
3372,3
3373,9
3374,10
3375,6
3376,1
3377,3
3378,7
3379,5
3380,6
3381,9
3382,3
3383,9
3384,10
3385,10
3386,5
3387,1
3388,9
3389,4
3390,9
3391,6
3392,4
3393,5
3394,4
3395,10
3396,10
3397,4
3398,2
3399,7
3400,4
3401,5
3402,2
3403,5
3404,8
3405,7
3406,10
3407,8
3408,3
3409,6
3410,9
3411,7
3412,2
3413,1
3414,7
3415,8
3416,7
3417,4
3418,7
3419,5
3420,7
3421,5
3422,9
3423,1
3424,10
3425,6
3426,9
3427,2
3428,3
3429,4
3430,10
3431,1
3432,8
3433,8
3434,3
3435,10
3436,7
3437,9
3438,6
3439,9
3440,7
3441,9
3442,8
3443,3
3444,9
3445,6
3446,9
3447,4
3448,9
3449,6
3450,2
3451,6
3452,3
3453,9
3454,3
3455,4
3456,9
3457,10
3458,8
3459,9
3460,9
3461,5
3462,4
3463,1
3464,4
3465,1
3466,4
3467,6
3468,9
3469,6
3470,2
3471,7
3472,10
3473,10
3474,3
3475,4
3476,2
3477,4
3478,8
3479,10
3480,10
3481,2
3482,9
3483,4
3484,9
3485,2
3486,4
3487,7
3488,2
3489,7
3490,2
3491,8
3492,8
3493,10
3494,8
3495,8
3496,7
3497,4
3498,6
3499,2
3500,8
3501,9
3502,1
3503,8
3504,2
3505,3
3506,5
3507,3
3508,10
3509,9
3510,9
3511,5
3512,6
3513,5
3514,10
3515,2
3516,5
3517,3
3518,6
3519,9
3520,5
3521,6
3522,6
3523,8
3524,5
3525,6
3526,5
3527,4
3528,9
3529,3
3530,8
3531,3
3532,8
3533,8
3534,3
3535,8
3536,1
3537,9
3538,6
3539,10
3540,5
3541,9
3542,5
3543,4
3544,9
3545,10
3546,10
3547,6
3548,8
3549,4
3550,6
3551,8
3552,9
3553,10
3554,4
3555,7
3556,3
3557,7
3558,10
3559,1
3560,6
3561,1
3562,5
3563,2
3564,1
3565,5
3566,2
3567,9
3568,2
3569,2
3570,2
3571,9
3572,1
3573,7
3574,6
3575,6
3576,3
3577,9
3578,10
3579,3
3580,4
3581,3
3582,6
3583,7
3584,8
3585,2
3586,1
3587,5
3588,4
3589,3
3590,8
3591,7
3592,9
3593,10
3594,5
3595,8
3596,3
3597,7
3598,8
3599,10
3600,8
3601,3
3602,10
3603,2
3604,9
3605,5
3606,2
3607,4
3608,1
3609,1
3610,1
3611,3
3612,4
3613,5
3614,1
3615,9
3616,1
3617,8
3618,1
3619,8
3620,5
3621,10
3622,3
3623,10
3624,9
3625,2
3626,3
3627,5
3628,6
3629,4
3630,4
3631,2
3632,10
3633,2
3634,9
3635,4
3636,9
3637,3
3638,9
3639,7
3640,6
3641,3
3642,3
3643,6
3644,7
3645,6
3646,9
3647,3
3648,7
3649,5
3650,2
3651,1
3652,10
3653,3
3654,7
3655,8
3656,10
3657,4
3658,1
3659,9
3660,6
3661,4
3662,3
3663,9
3664,8
3665,1
3666,1
3667,4
3668,6
3669,5
3670,8
3671,5
3672,2
3673,2
3674,9
3675,2
3676,3
3677,5
3678,7
3679,7
3680,6
3681,6
3682,6
3683,6
3684,3
3685,10
3686,4
3687,7
3688,2
3689,5
3690,5
3691,9
3692,8
3693,6
3694,4
3695,5
3696,4
3697,9
3698,8
3699,6
3700,9
3701,9
3702,5
3703,3
3704,2
3705,6
3706,1
3707,1
3708,10
3709,9
3710,9
3711,3
3712,10
3713,3
3714,4
3715,9
3716,1
3717,7
3718,3
3719,2
3720,9
3721,8
3722,7
3723,5
3724,8
3725,7
3726,9
3727,1
3728,9
3729,3
3730,4
3731,5
3732,8
3733,3
3734,4
3735,9
3736,1
3737,6
3738,6
3739,8
3740,5
3741,9
3742,4
3743,1
3744,7
3745,4
3746,5
3747,5
3748,4
3749,7
3750,6
3751,3
3752,6
3753,9
3754,6
3755,9
3756,4
3757,9
3758,9
3759,10
3760,10
3761,8
3762,5
3763,3
3764,4
3765,8
3766,3
3767,4
3768,9
3769,3
3770,10
3771,10
3772,9
3773,8
3774,1
3775,4
3776,1
3777,8
3778,4
3779,10
3780,7
3781,5
3782,10
3783,2
3784,3
3785,1
3786,8
3787,10
3788,5
3789,8
3790,7
3791,2
3792,1
3793,10
3794,7
3795,8
3796,10
3797,3
3798,6
3799,8
3800,5
3801,3
3802,9
3803,3
3804,10
3805,1
3806,5
3807,3
3808,10
3809,5
3810,5
3811,7
3812,4
3813,10
3814,7
3815,10
3816,8
3817,3
3818,5
3819,7
3820,2
3821,8
3822,1
3823,7
3824,7
3825,5
3826,2
3827,8
3828,10
3829,3
3830,9
3831,8
3832,9
3833,7
3834,4
3835,8
3836,10
3837,8
3838,2
3839,6
3840,1
3841,9
3842,5
3843,8
3844,10
3845,10
3846,7
3847,9
3848,10
3849,9
3850,2
3851,2
3852,1
3853,8
3854,9
3855,1
3856,2
3857,1
3858,10
3859,3
3860,6
3861,2
3862,9
3863,3
3864,10
3865,4
3866,3
3867,10
3868,10
3869,9
3870,5
3871,2
3872,4
3873,3
3874,3
3875,4
3876,9
3877,10
3878,9
3879,2
3880,4
3881,5
3882,4
3883,5
3884,5
3885,10
3886,10
3887,8
3888,7
3889,10
3890,6
3891,5
3892,5
3893,6
3894,7
3895,1
3896,3
3897,8
3898,10
3899,4
3900,4
3901,3
3902,7
3903,5
3904,3
3905,1
3906,6
3907,1
3908,9
3909,3
3910,3
3911,2
3912,7
3913,7
3914,2
3915,3
3916,2
3917,9
3918,2
3919,6
3920,9
3921,2
3922,8
3923,8
3924,1
3925,9
3926,6
3927,9
3928,7
3929,10
3930,6
3931,7
3932,6
3933,2
3934,1
3935,3
3936,2
3937,4
3938,10
3939,9
3940,9
3941,6
3942,2
3943,6
3944,4
3945,8
3946,9
3947,5
3948,7
3949,7
3950,2
3951,9
3952,4
3953,2
3954,5
3955,6
3956,10
3957,6
3958,1
3959,7
3960,4
3961,10
3962,1
3963,3
3964,4
3965,10
3966,6
3967,4
3968,8
3969,10
3970,4
3971,8
3972,3
3973,4
3974,4
3975,10
3976,8
3977,3
3978,7
3979,6
3980,4
3981,10
3982,8
3983,1
3984,7
3985,2
3986,9
3987,6
3988,5
3989,8
3990,4
3991,9
3992,1
3993,6
3994,2
3995,5
3996,8
3997,4
3998,4
3999,1
4000,8
4001,7
4002,7
4003,8
4004,6
4005,4
4006,4
4007,3
4008,10
4009,3
4010,4
4011,2
4012,6
4013,3
4014,4
4015,3
4016,9
4017,5
4018,2
4019,2
4020,7
4021,6
4022,9
4023,7
4024,9
4025,9
4026,10
4027,6
4028,4
4029,8
4030,1
4031,6
4032,1
4033,3
4034,8
4035,2
4036,10
4037,5
4038,6
4039,6
4040,4
4041,8
4042,4
4043,9
4044,10
4045,4
4046,5
4047,7
4048,4
4049,10
4050,6
4051,7
4052,7
4053,7
4054,1
4055,8
4056,9
4057,4
4058,2
4059,2
4060,10
4061,9
4062,9
4063,3
4064,8
4065,4
4066,5
4067,5
4068,7
4069,2
4070,3
4071,1
4072,2
4073,5
4074,6
4075,10
4076,1
4077,10
4078,5
4079,3
4080,1
4081,4
4082,5
4083,7
4084,3
4085,10
4086,1
4087,7
4088,3
4089,2
4090,10
4091,8
4092,5
4093,5
4094,4
4095,2
4096,6
4097,9
4098,7
4099,2
4100,9
4101,8
4102,9
4103,3
4104,8
4105,1
4106,10
4107,5
4108,7
4109,9
4110,6
4111,1
4112,5
4113,3
4114,8
4115,3
4116,2
4117,6
4118,5
4119,10
4120,4
4121,9
4122,4
4123,7
4124,7
4125,9
4126,5
4127,7
4128,3
4129,7
4130,2
4131,8
4132,6
4133,2
4134,2
4135,10
4136,4
4137,10
4138,1
4139,4
4140,9
4141,4
4142,4
4143,5
4144,5
4145,7
4146,9
4147,8
4148,9
4149,4
4150,7
4151,9
4152,3
4153,10
4154,3
4155,6
4156,2
4157,7
4158,10
4159,7
4160,10
4161,9
4162,3
4163,6
4164,5
4165,1
4166,5
4167,7
4168,9
4169,8
4170,10
4171,6
4172,7
4173,3
4174,8
4175,8
4176,2
4177,9
4178,4
4179,7
4180,3
4181,5
4182,6
4183,6
4184,5
4185,5
4186,5
4187,7
4188,6
4189,3
4190,6
4191,3
4192,4
4193,2
4194,10
4195,10
4196,7
4197,2
4198,6
4199,10
4200,5
4201,5
4202,1
4203,8
4204,5
4205,8
4206,2
4207,5
4208,5
4209,10
4210,9
4211,1
4212,3
4213,5
4214,4
4215,8
4216,6
4217,1
4218,6
4219,1
4220,4
4221,3
4222,5
4223,3
4224,8
4225,6
4226,8
4227,1
4228,4
4229,5
4230,2
4231,8
4232,2
4233,2
4234,8
4235,9
4236,7
4237,1
4238,8
4239,8
4240,8
4241,8
4242,8
4243,9
4244,10
4245,6
4246,1
4247,10
4248,5
4249,10
4250,5
4251,5
4252,5
4253,2
4254,1
4255,1
4256,8
4257,8
4258,9
4259,2
4260,3
4261,10
4262,8
4263,9
4264,4
4265,5
4266,10
4267,8
4268,3
4269,5
4270,10
4271,6
4272,9
4273,4
4274,1
4275,3
4276,7
4277,10
4278,2
4279,3
4280,7
4281,6
4282,9
4283,1
4284,9
4285,2
4286,2
4287,4
4288,7
4289,3
4290,7
4291,7
4292,7
4293,7
4294,5
4295,1
4296,10
4297,5
4298,2
4299,10
4300,8
4301,3
4302,8
4303,5
4304,4
4305,5
4306,1
4307,10
4308,5
4309,5
4310,9
4311,7
4312,1
4313,3
4314,2
4315,6
4316,6
4317,8
4318,3
4319,9
4320,6
4321,6
4322,6
4323,4
4324,5
4325,3
4326,8
4327,10
4328,1
4329,1
4330,5
4331,5
4332,6
4333,2
4334,1
4335,3
4336,3
4337,8
4338,9
4339,8
4340,6
4341,7
4342,5
4343,10
4344,5
4345,10
4346,9
4347,10
4348,5
4349,2
4350,9
4351,4
4352,10
4353,9
4354,2
4355,2
4356,9
4357,7
4358,10
4359,2
4360,5
4361,8
4362,8
4363,4
4364,4
4365,8
4366,6
4367,6
4368,7
4369,3
4370,9
4371,9
4372,10
4373,7
4374,7
4375,8
4376,3
4377,9
4378,1
4379,5
4380,4
4381,4
4382,6
4383,8
4384,4
4385,10
4386,9
4387,6
4388,6
4389,7
4390,1
4391,4
4392,2
4393,5
4394,7
4395,10
4396,3
4397,9
4398,4
4399,3
4400,9
4401,2
4402,5
4403,5
4404,7
4405,1
4406,9
4407,9
4408,2
4409,5
4410,5
4411,4
4412,5
4413,9
4414,7
4415,10
4416,8
4417,4
4418,8
4419,8
4420,1
4421,6
4422,6
4423,1
4424,6
4425,1
4426,1
4427,1
4428,2
4429,4
4430,2
4431,7
4432,3
4433,3
4434,4
4435,10
4436,2
4437,5
4438,6
4439,2
4440,6
4441,6
4442,2
4443,4
4444,1
4445,4
4446,4
4447,4
4448,9
4449,10
4450,2
4451,3
4452,6
4453,2
4454,7
4455,3
4456,8
4457,8
4458,4
4459,6
4460,4
4461,10
4462,10
4463,3
4464,1
4465,9
4466,9
4467,4
4468,3
4469,5
4470,1
4471,8
4472,5
4473,6
4474,3
4475,10
4476,1
4477,3
4478,8
4479,9
4480,2
4481,10
4482,5
4483,5
4484,5
4485,10
4486,4
4487,3
4488,7
4489,8
4490,9
4491,8
4492,3
4493,1
4494,1
4495,10
4496,9
4497,10
4498,9
4499,1
4500,2
4501,10
4502,8
4503,8
4504,9
4505,4
4506,10
4507,4
4508,5
4509,10
4510,9
4511,1
4512,4
4513,5
4514,9
4515,5
4516,9
4517,9
4518,4
4519,9
4520,3
4521,8
4522,2
4523,6
4524,2
4525,4
4526,7
4527,2
4528,10
4529,5
4530,2
4531,10
4532,3
4533,2
4534,3
4535,4
4536,1
4537,7
4538,2
4539,7
4540,3
4541,3
4542,9
4543,6
4544,5
4545,8
4546,5
4547,7
4548,2
4549,2
4550,9
4551,5
4552,1
4553,4
4554,5
4555,4
4556,6
4557,10
4558,6
4559,7
4560,8
4561,5
4562,10
4563,3
4564,7
4565,3
4566,6
4567,1
4568,7
4569,4
4570,8
4571,6
4572,9
4573,5
4574,7
4575,7
4576,3
4577,7
4578,7
4579,4
4580,9
4581,5
4582,2
4583,6
4584,7
4585,6
4586,1
4587,6
4588,9
4589,10
4590,7
4591,8
4592,9
4593,7
4594,1
4595,3
4596,9
4597,9
4598,10
4599,1
4600,7
4601,9
4602,4
4603,7
4604,10
4605,3
4606,3
4607,7
4608,8
4609,9
4610,2
4611,10
4612,7
4613,2
4614,5
4615,9
4616,4
4617,5
4618,10
4619,1
4620,8
4621,2
4622,8
4623,7
4624,4
4625,9
4626,2
4627,2
4628,6
4629,6
4630,4
4631,8
4632,5
4633,10
4634,8
4635,2
4636,5
4637,7
4638,1
4639,5
4640,9
4641,10
4642,8
4643,4
4644,8
4645,6
4646,9
4647,3
4648,4
4649,2
4650,7
4651,6
4652,9
4653,10
4654,4
4655,2
4656,9
4657,6
4658,2
4659,3
4660,1
4661,2
4662,10
4663,3
4664,9
4665,10
4666,4
4667,9
4668,2
4669,7
4670,10
4671,8
4672,7
4673,6
4674,4
4675,6
4676,3
4677,5
4678,8
4679,5
4680,5
4681,9
4682,9
4683,6
4684,7
4685,1
4686,2
4687,6
4688,10
4689,9
4690,6
4691,3
4692,10
4693,2
4694,5
4695,9
4696,1
4697,4
4698,3
4699,3
4700,8
4701,2
4702,3
4703,10
4704,4
4705,5
4706,3
4707,4
4708,5
4709,1
4710,8
4711,8
4712,1
4713,7
4714,10
4715,9
4716,5
4717,6
4718,3
4719,7
4720,7
4721,5
4722,4
4723,2
4724,1
4725,7
4726,9
4727,2
4728,8
4729,9
4730,5
4731,6
4732,9
4733,2
4734,9
4735,2
4736,10
4737,7
4738,3
4739,5
4740,8
4741,8
4742,4
4743,6
4744,6
4745,2
4746,10
4747,9
4748,5
4749,10
4750,2
4751,8
4752,8
4753,4
4754,1
4755,6
4756,9
4757,4
4758,8
4759,9
4760,2
4761,10
4762,1
4763,2
4764,6
4765,3
4766,3
4767,9
4768,8
4769,1
4770,1
4771,3
4772,2
4773,4
4774,8
4775,4
4776,2
4777,3
4778,10
4779,4
4780,6
4781,4
4782,4
4783,3
4784,10
4785,5
4786,3
4787,3
4788,9
4789,10
4790,8
4791,8
4792,1
4793,9
4794,8
4795,9
4796,10
4797,7
4798,1
4799,1
4800,1
4801,6
4802,5
4803,6
4804,2
4805,3
4806,4
4807,7
4808,1
4809,2
4810,10
4811,2
4812,4
4813,4
4814,10
4815,9
4816,8
4817,10
4818,4
4819,2
4820,1
4821,7
4822,1
4823,6
4824,1
4825,8
4826,5
4827,5
4828,2
4829,10
4830,8
4831,10
4832,5
4833,4
4834,10
4835,5
4836,8
4837,10
4838,10
4839,8
4840,8
4841,3
4842,5
4843,4
4844,7
4845,7
4846,5
4847,7
4848,7
4849,8
4850,9
4851,2
4852,2
4853,1
4854,1
4855,2
4856,4
4857,6
4858,4
4859,4
4860,7
4861,6
4862,3
4863,3
4864,1
4865,2
4866,8
4867,10
4868,2
4869,3
4870,9
4871,4
4872,10
4873,10
4874,1
4875,2
4876,10
4877,7
4878,9
4879,7
4880,6
4881,7
4882,7
4883,5
4884,4
4885,3
4886,3
4887,2
4888,5
4889,8
4890,8
4891,9
4892,5
4893,3
4894,4
4895,6
4896,10
4897,5
4898,5
4899,3
4900,4
4901,1
4902,8
4903,1
4904,6
4905,8
4906,6
4907,4
4908,1
4909,2
4910,10
4911,3
4912,5
4913,9
4914,5
4915,4
4916,4
4917,10
4918,8
4919,2
4920,1
4921,9
4922,3
4923,9
4924,1
4925,6
4926,10
4927,10
4928,10
4929,5
4930,10
4931,4
4932,4
4933,1
4934,7
4935,7
4936,7
4937,7
4938,4
4939,1
4940,3
4941,7
4942,8
4943,10
4944,10
4945,4
4946,10
4947,3
4948,8
4949,10
4950,1
4951,5
4952,2
4953,2
4954,2
4955,5
4956,9
4957,8
4958,5
4959,6
4960,5
4961,3
4962,9
4963,2
4964,5
4965,1
4966,8
4967,6
4968,7
4969,1
4970,3
4971,8
4972,7
4973,6
4974,1
4975,5
4976,10
4977,10
4978,3
4979,2
4980,4
4981,1
4982,9
4983,9
4984,1
4985,8
4986,4
4987,3
4988,8
4989,9
4990,10
4991,8
4992,9
4993,9
4994,10
4995,10
4996,10
4997,5
4998,3
4999,6
5000,10
